card_holder_name,cvv,expiration_date,creditcard_number,card_provider
Maria Cole,101,2014-04-11,3513604861113572,Dustin Welch
Holly Anderson,101,1981-05-07,4255091131231,Isaac Montgomery
Patrick Allen,104,2007-06-19,3555065085043764,Laura Stone
Douglas Hunt,104,1973-12-03,630488672209,Jerome Lloyd
Marcia Wilkerson,104,1985-06-09,370584153871053,Nicholas Lang
Jamie Brown,101,2022-02-19,373222932466559,Anna Blake
Jacqueline Briggs,106,2014-02-23,4650141284187132,Kenneth Smith
Christopher Miller,106,1977-11-24,639066229175,Willie Neal DVM
Thomas Hernandez,104,1981-06-11,4460867241611213442,Timothy Blair
Brianna Rice,103,1987-02-19,2431252955707320,Richard Mitchell
Erica Davis,101,1986-10-10,213130663689980,Michele Campbell
Tara Schneider,106,1978-08-31,213113156046512,Paula Arroyo
Timothy Garcia,101,2006-04-24,60478273760,James Curtis
Amanda Bennett,104,1984-11-18,4989951612481494269,Matthew Smith
Stephanie Stephens,102,2003-01-13,375628930885939,Denise Henderson
Shannon Ryan,103,2000-09-05,4539832178945190,Rhonda Bryan
Taylor Brennan,104,1974-06-13,2231498475545755,Sara Molina
Kimberly Kennedy,101,1999-05-30,4547991758554,Timothy Cochran
Mark Shah,102,2001-05-14,4667260741494211,Mark Pacheco
Samantha Perez,106,1971-11-21,30518915350271,Alex Scott
Rebecca Roman,104,1986-02-15,502029570772,Elizabeth Thomas
Sarah Navarro,104,1974-01-08,30181910076134,Ashley Leon
Christian Stafford,101,2010-04-24,4066617581208331,Jerome Petersen
Connor Cruz,104,2018-01-13,675955582084,Paul Peters
Natalie Hatfield,104,1995-12-26,2227868853719097,Thomas Stewart
Victoria Baker,106,2017-07-31,347257221337361,Sergio Reilly
Benjamin Walker DVM,101,2009-07-05,6544565173841265,Mark Richards
Christine Delgado,102,1995-09-05,4456212425116896,Rhonda James
Michael Morales,103,2019-06-25,3525316547006163,Fred Thompson
Karen Thompson,101,1976-05-11,5460892587599202,Aaron Farley
Stephen Lloyd,104,1970-03-02,3518602344201985,Kathleen Leach
Mr. David Clarke DVM,106,1978-03-26,4666169896622549881,Mackenzie James
John Lopez,101,1995-01-23,4581444179914541694,James Cummings
Theresa Owens,106,1973-03-21,6011008159340972,Theodore Clark
Mrs. Michelle Bailey DDS,103,1980-01-22,3585354263137752,Heather Arnold
Brandon Garrett,103,1977-10-03,3576815714802005,Matthew Jones
Nancy Gonzales DDS,106,2017-10-25,2243354201376518,Matthew Villanueva
Lance Valentine,104,2002-11-22,5474930293798207,Jessica Goodman
Danielle Costa,101,2007-11-16,6518335939339885,Alexandra Spears
Alexis Blackwell,101,1993-03-29,3552260699153744,Adam Andrews
Chad Cunningham,102,2012-06-20,180013191245914,Angel Taylor
Sherri Cox,104,1972-04-13,4803106707036618,Shannon Johnson
Dr. Lisa Bates,104,2007-02-25,639050181846,Charles Rose
Ashley Maxwell,102,2015-03-06,213129475260527,Jonathan Lee
Joshua Joseph,104,2014-03-16,213144159652881,Anna Cobb
Angela Day,101,2015-09-26,4683355977843784587,Ashley Martin
Jessica Barajas,101,2023-11-27,4281863028916313,Nathaniel Frank
Lisa Nelson,101,1974-02-24,4693178088190309,Cindy Parker
Lisa Johnson,101,1971-06-02,3521317861743120,Rhonda Woods
Sandra Stone,101,2016-10-17,180069440365374,Elizabeth Martinez
Chad Curtis,104,1986-07-24,3581734543436674,Michael Smith
Laura Carter,106,2004-10-03,4960286816385,Luke Bailey
Stephanie Bruce,101,2018-04-05,577974117902,Daniel Poole
Catherine Zavala,106,2004-05-07,30536666609034,Diane Cuevas
Samantha Lewis,103,1992-02-26,3570278751389426,Lindsey Grant
Megan Hart,106,2022-10-28,180073677872961,Anthony Hernandez
Amber Johnston,101,2019-10-29,3562742001545491,Roger Jones
Jesse Rodriguez,101,2024-06-09,373770807500753,Andrew Adams
Christopher Knight,106,1989-08-30,4218148795132098,Kimberly Vaughan
Laura Martinez,106,2009-10-21,4357300713286,Mrs. Denise Johnson
Timothy Johnson,101,1971-04-03,2708618144222205,Timothy Townsend
Jonathan Moore,106,1970-05-23,60461670378,Christina Taylor
Katherine Benjamin,102,1979-02-18,60465577009,Stacey Mercer
Andrew Jackson,104,1983-04-29,4266578745553756,Jennifer Chandler
Whitney Wilson,106,2014-09-09,340535345756245,Aaron Dean
Wayne Johnson,102,1984-07-17,180038569162839,Stacy Skinner
Raven Ford,103,1984-06-08,180057816084869,Yesenia Singh
Kelly Lin,106,2022-08-05,30493646068610,Brett Cunningham
Courtney Doyle,102,1987-12-16,30387759231397,Gregory Long
Michelle Watson,103,1985-09-30,6583933904132218,Matthew Weber
Donna Hunter,104,2021-09-04,4245285612023766,Christina White DDS
Robert Martin,103,2011-02-15,4483298567202799,Kristi Jarvis
Ryan Richards,106,1970-07-19,30401916421062,Tyler Smith
Rebecca Combs,106,1987-01-16,3560406028460330,Jason Blankenship
Peter Walker,106,1980-08-11,378964089341680,Amanda Salinas
Jacob Zuniga,101,2017-11-10,36832115851671,Kathleen Long
Antonio Lopez,104,2021-05-03,4489883378430921,Angela Garcia
Shirley Harris,101,2009-05-06,36107624124187,Julia Quinn
Shane Mendez,101,2003-04-11,639061726530,Brandi Morrison
Karen Castro,103,1974-09-03,5146053364430010,Chad Bowman
Lori Ballard,104,2011-11-24,30283178182495,Dylan Reeves
Margaret Cross,102,1987-05-02,4302912796564741,Diane Miller
Richard Barnes,106,1985-08-12,180067879740711,Dr. Tracey Rodgers
Melissa Blackwell,104,2024-08-21,374156413119064,David Walsh
Debra Rodriguez,102,1981-04-23,213157609550810,Jeffrey Howell
Megan Hernandez,106,1976-02-02,2243916390385722,Yesenia Smith
Kimberly Hall,106,2018-08-30,30488200464122,Monica Ingram
Cheyenne Mann,101,1989-01-12,4808023750929904725,Allison Strong MD
Jill Mcmillan,104,1971-08-25,3520560019900875,Jeffrey Hernandez
James Rodriguez,102,1976-11-09,213167198144404,Samantha Martinez
Kyle Rivera,104,1976-10-19,213133687318396,David Morse
Joshua Johnson,103,2014-09-06,4091392149725,Michele Crosby
Rebecca Richardson,103,1981-02-14,6011784917848973,Gloria Rivera
Brittany Reyes,103,1977-07-24,180059609698186,Kelly Fletcher
Brian Parker,103,1997-11-14,4347298205569,Morgan Johnson
Jennifer Goodwin,104,2024-06-13,675982525775,Ashley Hinton
Frank Thomas,104,1984-07-20,4696055968920,Heather Allen
Chad Mann,103,2005-03-02,36991129107916,Mrs. Ariel Johnston
Melanie Fox,106,2009-08-18,4540327024080,Dawn Jones
Stacey Wiley,106,1991-05-18,347525812554663,Mallory Schwartz
Michaela Sherman,101,1980-06-18,6011996687794795,Peter Lucas
Troy Thomas,102,1987-10-30,3532599841115589,Patrick Cortez
Harold Nielsen,101,1980-10-14,180060181499969,Michael Potter
Tiffany Arroyo,106,2006-02-09,4739628370570856482,Debra Lane
Deborah Dean,103,1987-01-19,6011264190359543,Eric Campbell
Heather Nelson,102,2005-03-26,4377714339419718,Dr. Tammy Townsend MD
Mr. Trevor Robertson,104,2003-08-30,3532809499345127,Andres Burns
Shelby Avery,101,1986-02-14,341721701209842,Lacey Curry
Deanna Smith,103,1999-01-10,38595304964112,Cheyenne Love
Ms. Laura Roth,103,2018-04-22,4291870035468707,Jennifer Hernandez
William Shepherd,101,1986-05-16,30144270189616,Julian Hines
Patricia Williams,102,2003-08-20,30465783007536,Jasmine Salazar
Ronald Hernandez,103,1982-03-20,30291598166279,Jennifer Wiggins
Thomas Smith,106,2002-05-14,4443096430688593,Lori Brock
Zachary Carroll,103,1982-01-24,180005033901415,Michael Guerra
Ashley Ruiz,102,1993-08-19,4018963106525609408,Melissa Collins
Lindsey Wiley,103,2004-11-04,180035798602247,Tyler Martinez
Michael Brown,106,2015-09-22,4597904327682,Thomas Scott
Colleen Gonzalez,104,1992-11-09,4969612815952827973,Lisa Schneider
Christine Walton,103,1981-07-11,3570027922097636,Dwayne Baker
Melissa Fox,104,1985-06-21,213124241984112,Natalie Anderson
Joshua Brown,104,1972-05-08,4514514684417745,Lisa Roberson
Rachel Long,101,2019-09-11,347992285573333,Jeffrey Taylor
Kaitlyn Kemp,104,1976-02-07,4573931441473,Kristin Bennett
Tracy Hernandez,102,2000-08-09,5139518725186286,Jeffrey Stevens
Jordan Wood,101,2002-05-18,3514270038551422,Matthew Caldwell
Justin Mccall,103,2009-08-07,30061449127691,Jennifer Prince
Kelly Taylor,103,2005-06-07,180064133171510,Carolyn Beck
Mr. Joseph Wheeler,101,2002-04-18,3533535243890303,Kenneth Garcia
Micheal Mann,102,2002-01-10,378214818831340,Kelly Buchanan
Maria Clark,106,1991-11-30,3596968663106849,Michael Davidson
Juan Rodriguez,104,2011-05-01,4845524019894,Jessica Williams
Roger Rodriguez,102,2002-11-25,379848570443171,Michael Brown
Brianna Farmer,101,1985-05-31,4781116960811975,Christian Patterson
Matthew Baker,101,1989-09-24,2221893735068048,Jonathan Palmer
Sara Hansen,102,2006-10-14,4307196384965,Adam Levy
Greg Bowers,103,2012-03-28,4183276295067984,Shane Kelly
Leslie Lawson,106,1993-04-01,4950141659683720,Carl Pierce
Edward Vasquez,106,1993-12-20,4991177549908092,Joshua Trujillo
Richard Garcia,103,1971-06-25,180044378968861,Heather Brown
David Ortiz,103,1976-05-30,2548307001503097,Laura Vang
Brianna Dougherty,103,2001-09-15,4869807285741,Karen Henson
Melissa Hawkins,104,1999-11-22,676375733539,Tammy Clayton
Kristin Ferguson,102,1970-04-02,5459945951151720,Melissa Collins
Vincent Webb,106,2010-11-10,4302175890569319,Mrs. Kayla Walter
Kyle Brady,103,2018-06-25,6011029119486432,Brian Cabrera
Jill Hernandez,104,1995-11-19,4545157728770027,Nancy Johnson
Daniel Bishop,103,2016-01-19,4247843866764150,Jasmine White
Natalie Green DDS,103,2018-01-17,4748250083483534809,James Gaines
Brandi Watson,101,2024-06-22,38702012803828,David Reyes
Matthew Crane,102,2013-07-24,372476046002905,John Cohen
Nicole Crawford,102,2006-03-18,3551748981216519,Donna Robinson
Andrea Figueroa,101,1982-04-17,180056304570512,Valerie Wilson
Kelly Nelson,102,2003-05-02,4107042227840929,Tiffany Cox
Sara Young,102,2016-08-16,4813070872770904877,Christina Robertson
Wesley Hall,102,2015-11-01,502063908904,Erica Aguirre
Barry Martinez,102,1980-02-22,347027186489758,Victoria Sullivan
Thomas Phillips,101,1976-02-17,180006249188888,Heather Gray
Carly Holder,101,1983-02-09,2720287845282688,Zachary Frost
Debra Jackson,106,2015-11-30,2233191790164943,Jeff Bell
Ronald Wilcox,106,2010-10-07,5107850239849663,Randy Haley
John Hester,103,2020-10-29,180020330302688,Cathy Bush
Jason James,104,1979-01-21,5374084950879081,Marissa Huynh
Kevin Lewis,101,1997-12-30,3578472261829474,Jennifer Gordon
Angela Cunningham,101,1981-04-29,4462146909793840,Christopher Olsen
Kelly Molina,103,2021-09-19,36019739987624,Kenneth Allen
Robert Richmond,103,1985-06-29,2706741504931025,Stacy Cochran
Sean Robinson,103,2018-08-07,4986603042223,Carrie Martin
Chad Norris,103,1995-05-26,4826422213049513,Kathleen Kelly
Christopher Sanchez,104,1994-10-19,501839475388,Matthew Garcia
Natalie Wilson,101,2012-04-23,30188673546351,Lisa Marshall
John Chapman,104,2007-01-16,180069998612847,Crystal Bates
Phyllis Harvey,104,2009-04-24,346807820318195,Alison Norris
David Coffey,101,1987-08-02,4062689438515012850,Makayla Anthony DVM
Joseph Cooper,101,2008-07-12,4433355406009487,Mark Boyle
Alexander Martin,106,2020-01-23,6521110212200897,Charles Armstrong
Anthony Holt,102,2022-05-17,4140400669439049,Frances Baker
Caroline Lewis,104,2006-11-01,4416688640689507172,Jason Sloan
Jake Williams,103,2008-08-15,3556703857252044,Eric Dickson
Nicholas Crawford,103,2020-01-04,4153873227702617,Anna Rodgers MD
Tiffany Obrien,102,2002-04-30,374443830214268,Katie Hughes
Jeffrey Bryant,106,1975-03-06,2257461650631161,Tammy Brady
Timothy Poole,104,1991-06-16,3502268379321888,Jessica Morton
Jack Olsen,103,2014-10-23,213170703895817,Jose Smith
Kayla Gray,106,2016-08-29,213104944770117,David Potter
Bernard Sandoval,102,2008-06-10,4602538512300123,Michelle James
John Campbell,104,2007-05-08,30340458932435,Sean Collier
Miguel Meyers,106,2001-10-04,4786422628549782,Melissa Maxwell
Ian Strickland,103,2014-04-22,4210700684112,Kevin Norton
Connie Mcgee,106,2013-02-01,4543480747182,William Williams
Matthew Long,102,1971-07-26,5207776351278812,Jason Garcia
Jonathan Mendez,103,1971-03-08,503847362129,Paul Smith
Colleen Wilson,104,1986-11-02,3518949584073578,Christopher Dawson
Jeremy Martin,106,1977-12-05,30546653668091,Leslie Kent
Tina Arnold MD,106,2023-12-14,3584641314616532,Angela Wood
Charles Lopez,101,2009-01-14,4729260902828981318,Dawn Davidson
Dr. Danielle Kirby DVM,102,1978-04-23,180080700666989,Sarah Meyers
Joseph Harper,103,2015-11-16,60406038673,Lori Becker
Ryan Vance,103,1984-12-26,3509911678813989,Rebecca Martinez
Ashley Mooney,101,1980-10-13,4807586771986,John Smith
Tara Rowland,104,1987-09-18,30390389424911,Elizabeth Dixon
Sherri Moore,103,2011-03-10,3583405209316033,Connie Peterson
Benjamin Holmes,106,2012-12-18,630478399094,Anna Peterson
Kimberly Jackson,101,1993-04-01,30498012726253,Heather Barnes
Brandon Mcclain,102,2013-05-23,6011612099158277,Peter Roberts
Collin Miles,102,1978-07-07,4788250521078106,Chelsea Turner
Jennifer Silva,103,2024-07-16,30173101543428,Terry Boyd
Ryan Lawson,102,1991-11-02,180099857384451,Tara Reyes
Bryan Fischer,106,2011-12-13,3566288285711710,Sandy Reynolds
Steven Dickerson,103,1997-12-26,4428337696897166,April Moss
Damon Sherman,104,1981-11-09,348947215020762,Michael Ramirez
Brianna Parker,101,1999-02-26,213180258937922,Douglas Williams
Jordan Collins,101,2001-11-21,180059834497248,Andrea Green
Brian Bell,106,1987-08-18,675940471591,Marcus Gardner
Tamara Armstrong,106,1986-11-11,3587685960010695,Diana Banks
Jennifer Williams,101,2010-11-22,3537565545360123,Brent Pineda
David Cochran,102,2011-06-15,4226724874020717,Joseph Rivera
Elizabeth Perkins,103,1982-02-12,4573010978449344,Kevin Lang
Dillon Reed,101,2014-12-30,3588238134742220,Maria Green
Amy Matthews,106,1984-10-05,3598687113329003,Sarah Dalton
Blake Smith,106,2010-10-07,4554854309616,Emily Young
Michael Kennedy,102,1977-05-20,6011442990507285,Charles Wang
Richard Jones Jr.,103,1993-01-12,4786520112684245,Mr. Eric Smith
Sarah Mcgrath,103,1984-10-19,4042389180924812,Adam Phillips
John Allen,106,2022-07-08,6518427426336225,Stephanie Walker
Christopher Butler,103,2003-07-03,371385913273252,Cheryl Sims
Amanda Brock,101,2014-01-09,4297001399644436,Travis Brown
Amber Perez,102,2020-06-20,2664711968682281,Hannah Miller
Jimmy Stein,101,2016-05-25,347863352668159,Jennifer Cook
Steven Henry,106,1970-01-25,379064188808124,Megan Fernandez
William Malone,104,1974-01-17,213130504099704,Brenda Perkins
Tiffany James,102,1998-11-13,3552014302086035,Stephanie Greer
Andrew Martinez,103,1970-08-01,6595867138754643,Mary Jackson
Kristi Salas,103,2023-08-27,36233749678616,Regina Lutz
Cheryl Woodard,106,1997-07-08,3564853921892398,Angelica Duncan
Joseph Carter,103,2019-10-26,4154201635608267408,Dawn Nelson
Jake Gay,103,2009-05-07,6011267338167942,Miguel Houston
Jared Gibson,102,2021-03-19,3597878803976242,Jeffery Lopez
Melissa Hood,101,1995-04-15,4486199573085953,Mark Swanson
Christine Guzman,106,2009-11-18,30022873374050,Brandon Smith
Danielle Irwin,102,1982-06-22,4256867585691,Joshua Rogers
Robert French,102,1971-12-21,343974065904874,Patricia Barnes
Sarah Marshall,103,1975-09-04,4995513575902593597,Robert Parsons
Steven Johnson,103,2011-02-14,3556770983942293,Sara Griffin
Jennifer Romero,102,2007-05-12,2302316113625116,Dylan Potter
Allison Reid,102,2005-01-30,3548229287232548,Timothy Jones
Jennifer Morrow,101,1974-10-14,3592797986499357,Shane Mejia
Melissa Clark,101,2001-06-10,3514284354483128,Michael Garza
Michael Martinez,103,2020-12-27,344396549629126,David Moore
Robin Miranda,101,1980-01-28,2607510000201773,Kelly Hicks
Anthony Manning,102,2005-06-22,38437824743868,Sheila Velasquez
Jeffrey Wolfe,103,1976-06-10,3507463610806756,John Williams
Christopher Turner,101,1984-02-08,4049014667657767,William Wang
Paul Burns,101,1975-06-01,4349623566021060,Joel Peters
Chris Carr,104,1987-08-02,676237434508,Jacqueline Diaz
William Snyder,102,2016-10-11,3576940746010300,Lori Allen
Jerry Nelson,106,2009-07-23,4398434935304,Linda Barr
Miss Mary Serrano MD,102,1990-05-01,377236436529239,Randy Osborn
Isabella Price,103,1977-11-22,180065345891118,Theodore Cummings
Samantha Young,106,1975-09-09,342859247596733,Linda Frederick
Stephen Thomas,104,1976-10-28,4130755801454,Sean Hernandez Jr.
Raymond Oconnor,101,1996-08-03,4612633582165007,Paul Cooley
Destiny Mitchell,106,1991-08-03,4624475437147646460,Mark Wilson
Amber Richardson,106,1988-03-05,3592492915773870,Eric Lane
Kelly Conley,103,1993-09-05,3557668834775301,Jessica Mack
Megan Nichols,102,1983-06-01,6579475315764557,Paul Smith
Samantha Carter,104,1975-05-29,213122222623022,Teresa Ramos
Justin Jones,103,2006-11-06,6522257965999420,Sydney Blackwell
Crystal Payne,104,1995-05-22,4686291475571822,Dr. Angel Baird
Jorge Mccann,101,2011-06-18,4725117537512,James Pittman
Jeremy Bishop,101,1998-10-12,30140414053577,Kara Pittman
Ronald Lewis,103,2011-12-14,3554703633250561,Andrew Kaufman
Timothy Patton,104,1971-05-21,213138436308259,Amanda Duke
Brian Andersen,101,1991-04-21,213133453693931,Jessica Brennan
Tiffany Chambers,106,2006-03-23,4538534454553,Jonathon Walker
Jason Cross,104,1975-12-15,4572141480015256,Tammy Hunt
Rebecca Arnold,102,2024-09-14,4034717490507,Larry Ramirez
Leonard Ford,104,2023-05-21,6555509801478716,Matthew Haynes
Jason Hall,101,1978-10-31,4268014013170,Dustin Hester
Nicholas Khan,102,2023-09-18,4508062818382701058,Danielle Juarez
Angel Brown,103,1982-09-20,349399976604369,Peggy Hill
Amanda Wright,101,2016-07-21,3518983220928242,Debbie Allen
Brittany Gregory,104,2017-02-07,180052354133681,William Rich
Corey James,106,2010-02-08,180065793007969,Bonnie Freeman
Kevin Robinson,106,2023-01-16,30183584607590,Tyler Graves
Glenda Hopkins,102,2020-12-07,3576857227756930,Brian Craig
Angel Ellis,106,1992-04-02,348881792870648,Richard Riley
Manuel Rogers,102,1986-06-12,582563087862,Harold Richards
Darren Grant,103,1973-12-25,30418914925282,April Woodard
Peter Hubbard,106,1972-01-31,346513401436261,Michael Singleton
Lisa Walker,103,2002-11-07,6011771824954994,Timothy Jones
Matthew Cook,104,2001-11-15,2549618058096374,Andrew Armstrong
Larry Wang,104,2014-12-23,4213296511017376835,Andrea Perry
Ms. Emily Morris,103,1987-12-31,4437022546465203,Rachel Brown
Gregory Kane,106,2001-05-30,4264550879207,Joseph Hamilton
Sonya Grimes,102,2000-11-29,4385550849356416,Ian Carter
Gerald Hartman,103,1985-03-11,36315953435989,Steven Reed
Teresa Smith,101,2015-05-23,180031031738575,Chris Mcbride
Christian Harris,103,1988-10-24,630488150974,Samantha Lloyd
Daniel Gray,106,1984-04-09,4824261213051,Ryan Lopez
Mr. Daniel Patel,106,2010-11-30,6501794019958023,Melanie Floyd
Rachel Stokes,102,1998-06-22,30321388450474,Stacy Smith
Brittany Anderson,101,1985-08-20,36471973921225,William Murphy
Mark Gilmore,106,1985-06-30,4706627252537,Pamela Bradley
Brady Vasquez,104,2002-08-13,5354324062437707,Julia Cole
Tonya Hart,103,1994-07-10,568028371488,Madison Smith
Sylvia Lowe,101,2012-11-12,3556191446663451,Scott Hayden
Teresa Rice,103,1993-01-16,2393718271045674,Victoria Williams DVM
Fred Johnson,102,1994-08-02,2273713922234681,Veronica Buckley
Darius Johnson,106,1976-06-24,2292237204285473,Joshua Williams
James Davis,101,2001-09-03,6596628890424166,Laura Johnson
Robin Villa,101,1998-02-28,3591526907199544,Jennifer Clements
Jeffrey Howard,103,1993-11-13,676208820222,Miss Rose Simmons MD
Angel Smith,101,1977-09-15,3522373274469505,Jennifer Smith
Jeffery Humphrey,102,2018-03-06,180087607663639,Matthew Martinez
Dustin Owens,104,1988-02-23,4240596289495082064,Joseph Ryan
Brenda Mccoy,104,1999-09-30,4883473511639877,Jason Stone
Thomas Munoz,101,1982-01-11,4208224840297889,Natalie Braun
Angela Vaughn,104,1979-02-22,4774494912793773693,Nichole Reynolds
Pamela Carr,102,1998-03-21,3536435178868381,Joseph Mason
Jessica Cohen,103,2016-05-27,180060691839076,Daniel Butler
James Mason,104,1978-08-03,6528083345973214,Marc Cooper
Dale Wilson,104,2003-06-06,2273580145478993,Debra Perkins
Tammie Curtis,102,1987-04-27,346579841426675,Tracy Mills
Austin Mathews,104,1990-11-24,4891698837521,Kristy Ellis
Edward Gonzalez,101,1993-10-14,4717550494608,Lori Blackburn
Christine Martinez,103,1983-03-03,3588679402592716,Michael Phillips
Leah Green,101,2019-01-26,4457291408095409,Renee Watts
Nathan Powers,103,1992-01-04,4701445259559574,Tamara Huff
Erica Hoffman,106,1991-07-29,6506905448273801,Lawrence Villegas
Jessica Obrien,102,2004-06-01,30282681239560,Courtney Collins
Debra Murray,101,2016-10-08,675988845508,Christina Miller
Terri Porter,104,1996-10-05,3566168402953504,James Henderson
Megan Young,106,1979-03-10,30509341880890,Gregory Strickland
Darlene Martinez,104,2011-01-21,6553390966443635,Mark Schwartz
Kyle Clark,102,2016-11-22,6568203958600695,Michael Berg
Jessica Snow,104,2002-01-01,6512142278336530,Nathan Harper
Jenna Chandler,103,2000-03-15,4993403146238826,George Smith
Rebecca Burns,104,2008-11-26,3501952700215015,Amanda Cox
Terri Bell,101,2018-02-08,180054494589269,Shawn Conley
Dr. Kelly Jefferson,104,1970-03-04,4701774476480334,Mrs. Chelsey Rosario
Mr. Jerry Williams,103,2015-11-03,344014134451232,Tammy Shaw
Gerald Hoffman,106,1994-06-05,6577480058712435,Janet Garza
Jackie Brady,101,2023-02-16,3546926638169475,Donna White
Sonya Pacheco,103,2004-03-29,581594048356,Dr. Joy Wagner
Felicia Brady,102,2020-08-29,4369700896471283,Scott Sanders
Michael Armstrong,103,1972-03-01,3528741079559288,Heather Briggs
Stephen Johnson,104,2007-07-16,213185153901592,Kenneth Diaz
Casey Maldonado,101,2006-03-30,180057663554121,Tracey Lopez
Edgar Gonzalez,104,1997-11-09,4906867968582,Denise Rangel DDS
Joshua Todd,102,1971-04-20,5597510893287983,Elizabeth George
Ms. Tiffany Evans,104,2012-04-15,5243926237644523,Alejandro Hall
April Perez,106,2021-12-22,4595454077783779,Jessica Ashley
Taylor Wallace,106,2003-11-15,4715872425838992,Christine Bennett
Scott Evans,102,1992-04-18,6594537775421308,Rachel House
Matthew Wyatt,103,1984-10-31,4948850850989,Evan Hayes
Karen Pace,101,1975-08-17,3565895330413059,Sherry Wilson
Shirley Schultz,106,1984-04-23,503865366408,Walter Morales
Joseph Rubio,102,1970-01-31,213111718326992,Susan Watts
Brandi Hart,102,2002-03-30,3557227268048733,Angela Garrison
Sarah Burnett,101,2024-01-10,6011826612606378,Tina Higgins
Kerry Bernard,106,2009-01-05,30238427452362,Miranda Gonzalez
Peter Campbell,104,1996-04-20,376016597750795,Nicholas Henry
Heather Mora,103,2007-04-16,2529960402272929,Geoffrey Guerra
Sheri Arnold,102,1997-05-29,6567070529811262,Jennifer Martin
Brian Herman,101,1972-02-02,4747261771166434,Teresa Bennett
Dominic Young,101,1971-04-18,348838425538810,John Werner
Paula Lynn,102,1976-08-26,4264248088260,Michael Tapia
Beth Adams,102,1991-03-07,3546388941736229,Tyler Blackwell
Jane Serrano,102,2024-05-02,30348179146763,Cheryl Estrada
Mark Woods,106,2016-09-17,372451159193981,Amber Medina
Michelle Bailey,104,1971-08-20,4636877098900686,Jason Richards
Charles Sanders,104,2018-01-16,213156360370848,Michele Andrews
Patrick Roberson,103,2014-08-31,2295471350496389,Stephanie Thompson
Terry Roberts,104,2020-02-23,4093617145371,Isaac Padilla
Wendy Gallegos,106,1984-07-31,3567760385675283,Alison Brewer
James Cox,106,1987-01-13,6504416610913093,Robert Scott
Brian Alexander,106,2020-10-01,2252632521102161,Thomas Parker
Gilbert Horton,102,2006-08-29,4732858946628963143,Mark Davis
Jerry Brown,106,2002-04-28,4945172577753,Troy Walter
Adam Tapia,101,1970-11-06,501871901788,Zoe Nelson
Alexander Byrd,106,1975-06-06,4887594540602677539,Peggy Vargas
Daniel Porter,101,2005-02-09,6573114296339917,Walter Robles
Kelli Maynard,102,1985-10-10,4244738861655614,Tiffany Baker
Michael Gutierrez,102,1991-01-31,4696263571276232,Kyle Smith
Sarah Wells,104,2014-03-06,343064851803835,Wendy Flores
Christina Guzman,101,1972-04-20,4491365796627144685,William Kelly
Stephen Hill,104,2001-02-17,36846605839343,Brian Sanchez
Steven Adams,104,1979-02-21,213101336116081,Lisa Patterson
Sara Bailey,103,1988-10-29,30147656927905,Michael Oliver
Ruben Figueroa,102,2013-10-03,3528772654117937,Jeffrey Haley
William Robertson,101,2007-11-22,373249071957650,Felicia Frank
Samantha Brennan,104,1976-02-01,340420136004297,Anthony Munoz
Alexis Martinez,101,2010-04-29,6507272977811900,Sarah Duke
Antonio Collins,104,2023-12-27,3574318666366071,Carrie Wood
Steven Barajas,104,2020-04-08,4616284461854950,Sherry Foster
Kelly Lucas,106,1975-07-20,589103196251,Andrew Mcdonald
Dale Soto,106,1998-05-16,3592371508208363,Jonathan Perkins
Blake Aguilar,103,2000-06-13,3588011864633251,Courtney Webb
Robert Tate,103,1985-03-23,4259015335840433,Jacob Morris
Lindsey Henderson,103,1971-03-06,60472315773,Christopher Sanchez
Vanessa Martin,104,2021-05-27,3515471564520331,Brian Mueller
Joseph Atkins,106,2012-09-05,3546021103893476,Daniel Wilson
Rebecca Mendez,102,1992-06-28,30014322080834,Kara Cunningham
Victoria Romero,103,1986-03-09,3580786116191590,Kimberly Harper
Ronald Parker,103,2003-06-28,3572852952721559,Mrs. Toni Jones MD
Kayla Garner,106,2004-07-01,3559715033601370,Christopher Fernandez
Patricia Cooper,106,1985-02-10,3537240730747571,Christopher Wilson
Jody Armstrong,101,1999-12-30,4159619326003330,Christian Conner
John Lee,103,2012-10-10,2720682667575179,Charles Maynard
Carla Gross,103,2003-05-02,213128572942011,Devin Montgomery
Jerry Mckenzie,106,2015-03-03,4104515814594,Jane Bridges
Kristin Buckley,101,2021-10-03,213192842374181,Karen Frazier
Kenneth Goodwin,101,2003-09-05,4206722810798549,Scott Colon
Christopher Patel,101,1977-01-10,213128154723052,Jacob Meza
Scott Benson,106,2000-01-07,3598046287971035,Mr. Joshua Mullins
Tina Turner,106,1995-10-27,180009774093697,Juan Villarreal
Billy Atkinson,102,1991-04-01,4007628072160370,Tammy Fernandez
Gary Stevens,101,2021-04-05,30468825414587,Jessica Serrano
Kimberly Martinez,104,1973-05-21,346821892393358,Jennifer Smith
Rickey Lowe,104,1977-02-13,5157299894900214,Anthony Solomon
John Sullivan,104,1998-07-22,5291392192724142,Charles Hall
April Martin,103,1994-07-21,4585047151803358417,Melissa Oneill
Jennifer Duncan,106,2015-08-22,213162915918800,Mark York
Christine Walsh,102,2011-03-01,30564263204686,Dawn Chan
Amanda Harrison,104,2001-05-28,3518454109040525,Vanessa Reynolds
Thomas Young,106,1979-12-23,348395884556163,Kathleen Barton
Brandon Davis MD,106,1988-09-24,5226367203221593,Mr. Isaac Dougherty
Jennifer Archer,102,2019-12-05,4950001316474279,Victor Reynolds
David Black,102,2013-05-18,4971547760459914,Lisa Smith
Bethany Carter,106,2014-02-27,4108087579949,Timothy Taylor
Valerie Figueroa,103,2003-10-21,213176294609715,Felicia Sims
Brian Rogers,103,1976-11-05,3598303282909944,Cindy Chambers
Samuel Evans,102,2009-11-07,30493396426760,Troy Wilson
Kimberly Graham,106,2006-07-16,6567875830165277,Jason Cameron
Cynthia Bell,101,1976-02-22,372634453378396,Tammy Logan
Christopher Nguyen,104,2006-01-10,501856645095,Todd Avila
Crystal Warren MD,104,2022-06-27,213133010270660,Teresa Olson
Dana Martinez,101,2010-07-26,639020277559,Adam Rodriguez
James Clark,106,1985-04-02,4784508650333269,Michael Atkins
Justin Munoz,102,2018-06-29,3560989095967188,Rose Wilson
Betty Morgan,102,1997-07-18,4361031532031,Kimberly Rice
Leslie Flynn,102,1990-04-23,4627119266407,Mary Hall
Caroline Burke,102,1997-07-28,6011357639113719,Terry Brown
Steven Nash,103,1999-07-25,213140407971339,Amber Arellano
Lisa Marshall,104,1971-09-16,3534919801314790,Stephanie Norman
Karen Ho,103,2015-03-07,6011489518640056,Douglas Pacheco
Dr. Tom Kennedy,106,2013-03-01,6509522956467696,Nathaniel Riggs
Natalie Peters,102,1970-01-13,30112483809957,Judy Williams
Christopher Henderson,104,1978-05-08,180068346315624,Jennifer Hernandez
Robert Harris,102,1980-05-17,213199595631949,James Long
Stanley Dixon,106,1981-03-23,3509678403985990,April Chambers
Joshua Smith,101,2004-09-16,180087503232372,Carla George
Anna Wright,103,1986-04-08,4996436090265129,Wanda Figueroa
Michele Booth,106,2018-12-03,4315622667218,Nicholas Smith
Christine Phillips,106,2005-01-01,2335178933226736,Sharon Johnson
Joshua Jones,106,1980-04-22,30347087813191,Kevin Payne
Jesse Scott,106,2021-04-18,60447648464,Charles Kelly
Gabriel Griffin,103,2004-11-01,4130378857792456,Charles Foley
James Nguyen,102,1976-01-23,3536349630947420,Patrick Sullivan
Justin Whitehead,104,1995-11-26,4961363072351167,Jacob Herring
Wesley Robinson,106,2006-12-31,4852543151437299402,Mary Gomez
Kimberly Smith,103,1973-04-17,4876834132349833,Christopher Nunez
Michael Johnson,106,2022-10-29,4143301341581850,Kenneth Rice
Kenneth Velazquez,104,2012-07-25,3539568018356600,Angela Ingram
Chad Sims,104,1974-04-22,4981349333097869,Ronald Fields
Jennifer Castro,101,1981-04-26,503819544811,Jennifer Lee
Jessica Dunn,102,1993-09-15,4174240314707,Amy Cox
Richard Watts,101,2000-03-15,6500318540740881,Melissa Schmitt
Carlos Erickson,101,1989-05-03,30058988130979,Christopher Collins
Leslie Lopez,103,2002-09-14,3552867058325208,Amanda Campos
Daryl Davidson,102,1974-02-02,213117406142872,Erica Hawkins
Lisa Brown,106,1980-01-10,5349566314833921,Taylor Hammond
Isaac Thomas,104,2022-09-03,4538191730270832,Albert Kaiser
Maria Hudson,102,1992-04-03,4734225557108258615,Anthony Henson
Anthony Blair,102,1981-01-10,180016555488038,Kathryn King
Autumn Gonzalez,104,1985-01-06,2704104827447165,Shane Powell
Christine Harris,106,1977-05-14,4895607209109744154,Aaron Cook
William Hammond,104,1997-04-19,4179035097490,Kevin Dominguez
Spencer Murphy,104,1991-11-19,3535326493426842,Jerry Briggs
Sarah Ballard,103,1989-05-16,5499025500084888,Katherine Long
Jose Young,103,2006-12-04,3534272943245955,Shelly Ellis
Richard Copeland,101,2019-01-21,213138559244869,Jackie Thomas
Kimberly Miranda,104,2018-05-29,3551620194252310,Joseph Burton
Joshua Gray,103,2010-05-15,4837552659517859,Jose Ryan MD
Elizabeth Armstrong,106,1985-09-20,378007399435238,Megan Cowan
Nicole Lopez,106,1977-03-01,4227747441512,Scott Anderson
Alexander Fisher,103,1984-12-28,578643219020,Lisa Miller
Jacob Davis,104,2003-04-26,180044987431988,Michael Atkins
Michelle Bishop,103,2024-09-14,4143594395992177,Mary Gomez
Alexandra Martinez,101,1995-12-03,503868402432,James Rogers
Joseph Wong,103,1999-08-30,376100079773309,Samantha Kelley
Julia Gutierrez,103,1990-10-16,4741907962273,Terry Dawson
Gregory Hubbard,104,1974-03-09,4535755098323987505,Patrick Randall
Anna Mckinney,102,1990-07-21,371577789990809,Lawrence Bell
Hannah Graham,102,2002-02-20,4886716155823,Pamela Williams
Cesar Hines,102,1985-04-18,6535046370555975,Jason Taylor
Joseph Murphy,106,1971-08-30,3574395157098413,Frank Cooke
Cheryl Allen,103,1979-06-20,630437275930,Edward Rivera
Catherine Mitchell,103,2008-05-25,4530342300714,Sean Griffith
Morgan Allen,103,1973-03-06,3583958506937208,Troy Pham
Melinda House,106,1983-11-22,30240158245213,James Long
Regina Orozco,104,2022-01-07,213133695788044,Kimberly Tucker
Matthew Nichols,102,1976-03-24,4505165519873942217,Samantha Greene
Paula Price,101,1974-12-01,630441985748,Matthew Olsen
Jack Payne,106,1989-05-08,180005565436582,Robert Bradley
Kurt Brown MD,101,2005-03-29,4425579202860641719,Robert Kennedy
Kevin Irwin,101,2022-04-22,213186081616781,Tony Hudson
Valerie Tucker,103,2023-11-21,3577239413694028,Jordan Vazquez
Rodney Griffith,106,2001-02-22,349967793287368,Christy Miller
Brandi Alexander,106,1992-07-12,3589410181426978,Frank Hale
Robin Lewis,104,1995-06-17,503896154153,Daniel Walker
Deborah Jimenez,106,1997-08-07,676394964602,Colin Greene
Elizabeth Sutton,103,1983-08-02,3547879535540067,Melissa Grant
John Smith,104,1995-05-24,213133244626422,Bryan Nichols
Nathan Palmer,102,2021-09-01,2720659137357891,Gina Lewis
David Gutierrez MD,103,1972-07-18,213193914207705,Sharon James
Jessica Lin DDS,104,2004-01-13,3507323795291465,Christine Simmons
Laura Ayala,101,1979-02-03,378923946753859,Lisa Black
Ivan Hansen,102,2023-04-11,4048793992964755,Nicole Mitchell
Jo Yoder,103,2006-04-26,4630342779835624,Margaret Blair DVM
Jacqueline Collins,101,2006-08-01,3540021917310176,Aaron Tate
Heather Boone,106,2008-05-11,4609219996430,Harold Martinez
Malik Holt,101,2022-10-22,4239814044580738841,Michael Hensley
John Martinez,104,2024-05-08,4592398138877,Thomas Yates
Ryan Yates,103,1980-02-11,567416766598,Danielle Arnold
Amy Rhodes,103,1978-06-22,3592004922648134,Angela Jennings
Nicole Hernandez,101,2008-09-23,583804399801,Christian Newton
Patricia Brown,102,2018-02-21,6562200606737826,Angela Flores
Andrew Campbell,102,2006-02-21,4673752661348,Michael Welch
Leslie Odonnell,102,1989-12-31,4651967527977838365,Amy Hernandez
Michelle Salinas,103,2007-02-03,3506790914252035,Michelle Anderson PhD
Dr. Betty Barnes,103,1983-08-03,4032737365955989,Dennis Wallace
Corey Wallace,106,1992-11-06,6506430153257410,Deborah Reid
Maria Alexander,104,1992-11-24,372181136809074,Anne Gentry MD
Alicia Hudson,103,1973-07-11,36230470146318,Paul Lynn
Tiffany Smith,103,2018-06-06,375859512982972,Christopher Martin
Cole Lee,101,2014-06-25,4677496231139928,Patricia Miller
Darren Cooper,101,1991-12-07,6011805601494392,Katherine Lee
James Swanson,103,2019-12-08,4708377236545223,Adam Medina
Steven Salazar,101,2021-02-06,30019611125927,Patricia Reed
Tammy Lane,101,2023-06-02,4991020858797,Jesse Patel
Brent Rogers,103,1987-10-05,4151078344117018354,Alexander Jones
Thomas Hall,103,1990-10-01,2272921584321586,Amanda Simpson
William Martinez,104,1990-05-20,4186062794719565,Johnny Moran
Christopher Nicholson,104,2017-01-19,213110402872006,Angela Hanna
Janice Munoz,106,2022-09-24,4626955474126100,Andrea Turner
Mrs. Laurie Robinson,101,1999-01-13,567322533793,Alexander Miller
Lisa Flores,106,1992-09-22,4443008379297331058,Samuel Franco
Cory Jones,104,2013-12-07,675971724785,Michelle Rich
Jacob Holt,103,2014-10-10,4564821162418060824,Lori Shaw
Anthony Lindsey,103,2012-05-05,3521163892347824,Melissa Howard
Nancy Townsend,103,1982-08-17,3560192277668530,David Miranda
Brianna Bailey,104,1994-10-20,377008017014240,Shane Jensen
Jonathan Anderson,103,2018-07-22,3576917636740485,Troy Chung
Tammy Bailey,106,1973-02-02,3536812785786356,Antonio Medina
Mark Price,103,1985-09-30,6515116828042472,Kerri Odonnell
Michelle Brown,102,1997-05-05,6573997153139507,Aaron Duke
Amber Lane,101,2002-06-09,3579189440443550,Rebecca Chapman
John Washington,102,1972-02-08,4517390632443647,Jonathon Hart
Debra Morris,101,2014-12-03,4435997218766438,Christina Johnson
Manuel Anderson,104,1998-04-10,4271395196635286,Jennifer Butler
Nathaniel Martinez,101,2009-05-18,348324759166585,Kevin Maxwell
Paula Mann,102,1991-01-30,4313026295263361,Gloria Payne
Emily Brown,104,2002-11-05,4191923002288110,Allen Cantu
Alexander Page,102,2003-01-16,3535981396201245,Robert Williams
Crystal Thomas,103,2017-02-02,4681625856568631,Madison Martin
Kenneth Wilson,103,2004-03-10,2265126770548237,Jennifer Reid
Vickie Gray,101,2007-04-13,630490370206,Chad Richards
Bryan Bennett,104,1989-02-03,4342559777490156,Bradley Kelly
Stacey Irwin,104,1989-09-25,4527927977206304716,John Davis
Laura Johnston,103,1988-05-15,5350228786623845,Johnny Dominguez
William Johnson,103,1992-02-21,502031120632,Michael Watts
Rebekah Flores,104,1982-05-08,4435416527834902,Nichole Salazar
Michelle Saunders,101,1991-07-28,4429836454170327,Isabella Berger
Logan Miller,106,1976-03-23,2265765983586284,Melinda Nelson
Jacob Guzman,106,1988-05-01,213199481299595,Jacob White
Brianna Hudson,106,2009-03-01,4292471679612,Peter Yoder
Michelle Raymond,102,2012-01-01,342042253375728,Karen Mccullough
Carlos Sanchez,102,1978-06-09,675951435162,Tiffany Stewart
Lauren Andrews,104,2015-11-12,3595741653205611,Joshua Sanchez
Danielle Holder,106,2024-01-06,4273451049388496,Valerie Harris
Jeremy Turner,103,2021-06-08,4859752888488264154,Sheri Henson
Judy Patrick,103,1994-12-21,4965170714640236683,Mrs. Elizabeth Ortiz
Jennifer Riddle,101,1974-06-19,4051539701353498175,Zachary Thomas
Mrs. Nicole Rogers,101,1992-10-21,676219013510,Christine Olson
Madeline Arellano,104,1978-02-24,3509649911829541,Jessica Lewis
Brian Johnson,106,1972-07-10,30424598405013,Caroline Watkins
Kenneth Williams,101,1974-12-03,30031212979206,Sara Torres
Javier Walker,104,2011-08-12,340017866627139,Martha Monroe
Elizabeth Moore,106,2010-07-29,4677702566729799,Philip Payne
Kenneth Fisher,103,2005-11-03,38846080215470,Lisa Alvarez
Francisco Williams,106,1989-04-09,4417768298819211,Samantha Turner
April Jordan,104,2015-12-13,3583006283994438,Jeanette Hawkins
Robin Garcia,101,1976-09-23,30126273346616,Sarah Olson
Mr. Edward Ball,101,1977-02-23,4888686904122517,Brent Lee
Jessica Coleman,106,1975-05-11,4237467470494772,Amy Wright
Ashley Haney,102,1973-08-19,30583488979658,Adam Williamson
Gerald Morrison,104,2005-07-11,676333787015,Ashley Ryan
Andrew Long,104,1974-09-07,30581658057354,Sarah Knight
John Parker,101,1987-11-23,30076416684169,Shannon Sanchez
Jennifer Wang,101,1975-03-12,6011659503999051,James Lane
Kelly Thompson,102,1997-08-23,180009112063303,Shannon Washington
Gabriella Rivera,104,1981-07-28,2297575176482916,Bailey Hogan
Gina Hartman,101,1988-06-13,374795792418504,Justin Willis
Elizabeth Perez,103,2023-03-02,3546564909138398,Dawn Shepard
Cory Serrano,104,2015-09-11,4932413642356,Levi Liu
Tammy Martin,106,2008-05-06,4555030084499837,Melissa Anderson
Christopher Kelly,103,2018-12-24,3562148665200888,Elizabeth Roberts
Dr. Alyssa Carrillo,101,1988-03-20,3523247428217235,Kevin Johns
Harold Cox,104,2008-01-19,30134858631337,Daniel Williams
Brenda James,104,2015-11-26,341446570259187,Cindy Wright
Alexander Brown,106,1994-06-27,4599415798345741388,Brian Hunt
Chad Parker,102,1971-08-18,4771836819468,Sherry Wilson
Austin Harris,104,1997-08-03,4708122815321,Susan Conley
Jennifer Gonzalez,104,1974-05-26,3503568788003947,Justin Rocha
Juan Lane,102,1976-06-17,4192248350302605,Courtney Johnson
Ashley Brown,106,2004-02-25,213148047899554,Amanda Clark
Heather White,103,2021-01-02,4685417773027091126,Marissa Brown
Calvin Gibson,101,1970-10-17,6539249740000898,Lisa Snyder
Shelby Foster,104,2000-12-01,3513011091448796,Christopher Lee
Kenneth Holmes,104,1984-03-12,30348607140644,Nicholas Gonzalez
Erin Brown,106,1991-12-26,4683847608535,Kevin Stone
Leonard Wang,102,2000-07-12,377614839036103,Kathleen Berry
Zachary Petty,104,2008-11-04,180091597004283,Matthew Hays
Kayla Parker,103,2000-01-15,3579288946931272,Briana Sanchez
Ryan Cain,102,1970-06-26,3591740282782325,Jessica Williams
Monica Stokes,106,2017-12-24,676370426691,Kristen Miller
Grace Chen,103,1982-05-01,180066437357620,Terry Moreno
Kristin Gutierrez,101,2024-04-19,213156715104306,Brian Sellers
Elizabeth Murphy,104,1989-01-21,3567211131134167,Ashley Thomas
Troy Avila,101,2014-03-09,4749455711396147,Justin Forbes
Juan Miller,106,2014-01-01,4264707704513251,Jody Evans
Emily Chan,101,2004-02-28,340837585911245,Dawn Williamson
Andrea Wright,104,2007-03-23,6575297895175622,Tanya Bowen
Nicole Simpson,104,2002-08-06,4454788886119778772,Henry Patel
Tony Estrada,102,1972-08-19,676387505933,Kenneth Mcguire
Ashley Watson,101,1975-02-10,340475569226924,James Reeves
Mr. Brent Hill,101,1987-11-12,3537465062345906,Mandy Adkins
Thomas Griffin,102,1995-07-24,4323740017643498,Adam Gray
Kenneth King,106,1988-01-22,4927201357224159,Valerie Doyle
Thomas Clark,106,1979-05-03,2293217354585897,Diane Wilson
Mary Huynh,102,1998-08-05,4925226173306716496,Michelle Hicks
Hannah Smith,103,2013-10-17,6555667847917582,Megan Thompson
Gary Campbell,106,2020-12-10,501880274391,Erin Johnson
Amanda Wilson,101,2003-05-05,180027162814912,Kevin Crawford
Gregory Brock,106,2006-09-08,2264898664549650,Monica Morales
Jessica Gordon,102,2014-06-01,6508781313958000,Samantha Vargas
Jennifer Guerra,106,1981-01-04,4669147982297767,Pam Osborne
Lacey Anderson,101,1982-01-07,4330598999442995,Mark Cabrera
Ryan Dodson,101,2012-11-28,4897451596162563,Ray Davis
Marcus Smith,101,1997-02-27,4307536359865842,Michael Collins MD
Elizabeth Lopez,106,1977-11-06,4998559203425807027,Ann Jones
Christine Orozco,104,1978-01-05,30569688932225,Judy Adams
Christopher Jenkins,102,2009-12-16,3510822254250081,Alejandro Parker
Tonya Baldwin,104,2003-06-10,213151883262556,Stephanie Wallace
Brittney Maldonado,103,1970-05-03,180007420505635,Shannon Skinner
Kelsey Jones,101,1990-05-11,3584325685088287,John Buckley
Leslie Carlson,102,1974-06-02,6011414482897540,Erin Weber
Dawn Johnson,102,1988-03-29,4342354099170,Emma Gregory
Brandon Bishop,103,1983-02-03,4332765220135,Dominique Juarez
Max James,106,2006-04-26,4977414437538,Tammy Young
Mark Ingram,102,2001-09-25,3528023317240041,Cameron Turner
Steven Jones,103,2001-10-23,370218940546963,Keith Smith
Jack Knight,106,2006-02-02,5120750653070460,Katie Harris
Jo Smith,106,1995-07-15,4817945576387204,Timothy Hickman
Hayley Thomas,101,2002-01-31,4491366007190484,Justin Ruiz
Michael King,101,1975-01-19,3503142300949373,Denise Estrada
Mary Hardin,103,2008-06-26,4830668790526,Robert Joseph
Michael Vaughn,106,1997-12-19,3572150856463653,Michael Maxwell
Julie Cantrell,101,2009-03-03,3555760573814276,Glenn Collins
Lauren Smith,104,1998-03-10,378950779975101,Jose Fields
Robert Moreno,106,2007-09-20,4435607298308,Dr. Aaron Lynch
Daniel Clayton,104,1987-04-29,3594401002159156,Shawn Mclean
Kathy Nicholson,101,2005-03-29,4826351592168729,Katherine Stevenson
Michael Briggs,102,1981-11-21,4567364339303,Kara Fitzgerald
Wendy Bright,101,1973-12-15,213143169583953,Donald Clark
Cameron Harris,104,2020-09-15,36776753994378,Benjamin Horn
Michelle Aguilar,103,1973-05-30,3590806794569921,Cristian Richmond
Christopher Stevens,104,2007-08-09,4095250686648097,Juan Fletcher
Matthew Dorsey,103,1988-02-08,5476126890268565,Wayne Smith
Jonathan Perry,104,2013-03-17,4332156327788,Crystal Brown
Jennifer Johnson,106,2018-12-25,4723205240514939006,Cory Edwards
Mark Richards,106,1985-08-03,213165374063612,Gerald Snyder
Jasmine Young,103,2019-11-10,180024196395018,Mitchell Miller
Monique Branch,102,2004-06-01,3567603527047211,Vanessa Buchanan
Sean Anderson,106,2019-12-02,3508142412810047,Jocelyn Wallace
Ashley Gallagher DDS,104,2022-09-16,372243509192114,Charlotte Mckinney
Linda Simon,106,1984-03-26,213129003402500,Ricky Russell
Jeffrey Roberts,103,1993-10-30,4419811098462481,Bruce Thompson
Jacqueline Thomas,106,2000-05-04,4451176722686470194,Richard Nguyen
Terry Wolf,104,2024-04-13,3576565326368875,Calvin Rivers
John Reynolds,106,2006-09-22,180095104359858,Gordon Obrien
Mary Hughes,101,2011-04-22,30112375215073,Sandra Campbell
Tasha Wilson,106,1996-02-14,3516089969321391,Jack Norris
Michael Velazquez,106,2004-11-25,4653339459397406,Susan Martinez
Brandon Young,104,2001-12-30,346270751603020,Sara Vaughan
Brittany Hood,102,2020-10-09,3527837412114145,Mitchell Hansen
Joshua Lopez,102,2006-06-03,30523372131057,Mrs. Tiffany Turner
Susan Bailey,103,1998-05-30,4082002188485832,Janice Cantrell
Edward Zuniga,104,1982-04-21,30176708597945,Courtney Ramirez
Christopher Adams,101,2014-03-25,4561900223576,John Hall
Sarah Madden,101,1974-09-29,3585859768862001,Jennifer Rogers
Kathryn Ramirez,104,1995-04-26,4205490352260390,Brianna Hardy
Hannah Weaver,101,2010-12-19,180066288400735,Kimberly Adams
Anthony Tucker,106,1972-11-13,2270945337237262,Mr. Matthew Pittman Jr.
Derek Ross,101,1980-12-17,3555748075140993,Seth Thomas
Anthony Allison,102,2020-06-15,3530846700886061,Amy Smith
Christopher Bishop,103,1973-11-23,4835109731418507,Angela Robinson
Brianna Haynes,104,2003-07-10,3579745465680192,George Long
Chad Garza,106,2018-06-17,502073511151,Cynthia Campbell
Albert Huang MD,106,2016-12-11,213131000208260,Courtney King
Randall Snyder,101,1986-06-06,30086591078368,Thomas Bowen
Anthony Kelley,102,2023-10-13,4812669025379774758,Chelsea Garcia
Nancy Wilson,102,1975-11-20,4416149457865631574,Rachael Wallace
Thomas Scott DVM,106,1974-10-09,4257557107014916250,Bruce Dominguez
Brooke Buckley,104,1983-05-15,30282791608415,Cindy Guerrero
Denise Gonzales,101,1995-11-09,6011129559985321,Sandy Keller
Brandon Bates,103,2002-11-07,213112148467836,Aaron Walker
Jessica Morgan,106,2013-10-22,4452580576181266277,Patrick Allison MD
Stephanie Phillips,102,1986-01-23,341447620134594,Meredith Mayer
Rodney Padilla,103,1981-12-18,3518668745897598,Andrew Jenkins
Kevin Cross,102,2006-10-22,3579707666782508,Michael Rodriguez
Nicole Moore,106,2010-09-15,4624446982520028,Kristin Lewis
Bryan Miller,106,2014-07-12,4532109759865692,Tasha Jones
Hannah Garcia,101,2005-10-03,3596675054597599,Wayne Reed
Shelby Silva,101,2000-02-20,4475301518486,Dana Wade
Anita Kelley,101,2000-10-22,4721780665789,Ashley Boyd
Ashley Smith,106,2001-04-08,5360776448817161,Justin Benton
Cassandra Mcpherson,101,1977-05-07,2492527439168132,Scott Hill
Teresa Simon,102,2011-03-19,4487690738815433615,Madison Frazier DDS
Amanda Richardson,104,2008-11-25,3553155555913075,William Kelly
Jacqueline Curry,103,1978-07-21,4280561135298816546,Carla Mckinney
Richard Jones,106,2014-01-06,4646710820633028,John Black
Erin Lopez,104,2013-04-02,180050898791618,Jeffery Mills
Angela Cook,103,2009-10-10,4188802931750660,Nathan Jones
David Kim,104,1987-12-16,4742634754946109872,Shawn Douglas
Melissa Kramer,104,2000-06-29,4263819754644784640,David Saunders
Laurie Moss MD,106,2012-08-29,4733914612411650,Raymond Rodriguez
Maureen Banks,102,1974-04-21,4929507263039638976,Robert Anderson
Jason Dixon,101,2007-09-23,4429535928235372755,Robert Stewart
Heather Rosario,103,1972-07-22,3582553205312844,Amanda Johnson
Holly Sanders,106,1995-11-21,2222097046374538,Daniel Ruiz
Cindy Mccarty,101,2007-06-28,4502888900338008,Robert Hughes
Amy Davis,103,2022-05-22,213130695727881,Dana Buchanan
Oscar Anthony,102,1972-07-03,213174024808459,Shannon Rodriguez
Samuel Morris,101,2004-05-11,4221440452642518,Melanie Lee
Claudia Medina,106,1992-02-29,4857958482106320,Maria Marks
Julia Hall,103,2016-11-07,2715628876401514,Joshua Vaughn
Christopher Salazar,106,2017-11-17,4285783941320789,James Peterson
Mariah Mcknight,104,2003-01-28,36458494694647,Heather Hall
Jeffrey Reyes,103,1985-11-23,3558314033274155,Lauren King
Aaron Silva,102,1986-02-28,3586877314535730,Holly Clark
Logan Howard,104,1973-04-11,6011370028919752,Roy Benson
Troy Bowman,104,1990-07-05,6011999723673726,Martin Thompson
Shawn Flores,101,1998-07-09,4519195279503478554,Angie Miller
Alicia Parrish,102,1997-07-17,213188575276205,Brittany Lopez
James Robertson,103,1996-06-07,4274822825743691,Ronald Huff
Robert Dean,106,1973-11-11,4566516752843,Brenda Simmons
Lisa Rodriguez,102,1999-01-31,372571575080080,Jim Hardy
Jessica Bennett,106,1976-09-19,379407431393883,Melissa King
Alyssa Kerr,102,1999-12-11,4141315328052,Benjamin West
Chelsey Anderson,103,1985-05-07,341402837866298,Alyssa Frye
Johnny Barnes,103,1982-06-24,374353345029798,Nancy Pope
Isabel Smith,102,2015-04-28,4225074825791432743,Brittany Price
Karen Casey,106,2010-02-08,676189741231,Jerry Wallace
Jonathan Strickland,104,1980-03-25,6011111799768998,James Howard
Alexander Garcia,101,1997-01-11,5284582263431002,Rachael Gray
Alyssa Parker DVM,101,1996-03-06,370937293575713,Allison Gardner
Tommy Bennett Jr.,106,2002-05-15,4446434873767,Kenneth Morton
Jose Scott,101,1980-08-14,4913404889008,Kylie Burch
Thomas Hardin,101,1972-06-06,3546762540689973,Timothy Lyons
Susan Rios,104,1972-09-16,2237535854564636,Shawn Carr
Whitney Wolf,104,1972-08-31,343112504913640,Robert Mccullough
Charles Tran,106,2022-05-03,30332232183559,Brittany Gilbert
Karen Holden,103,1993-06-26,3585907316419509,John Reynolds
Julie Schroeder,104,1994-04-01,675962933049,Laura Barron
Michele Morales,103,2015-07-12,3518513086697563,Laura Gilbert
Richard Zhang,106,2018-01-16,2243905578643200,Amber Long
Kayla Novak,104,2022-02-23,213110753519529,Connie Fox
Dr. Kyle Williams,101,2016-04-06,4652825616190859,Thomas Paul
Craig Massey,106,1977-03-30,5331711051075134,Tammy Mccarty
Robert Ward,103,1988-05-09,180009955065720,John Parker
Craig Perry,104,1982-08-14,213179085648157,Mr. Travis Brown DVM
Bethany Rogers,103,1980-05-31,213170493831725,Brandon Burke
Kristy Robertson,103,1990-08-20,502003869471,Jennifer Henry
Kimberly Weaver,106,2021-02-03,4831344655352812,Beth Walker
Jason Stein,103,1998-08-20,180017027897905,Andrew Hopkins
Marissa Pena,102,2012-11-23,375159406661281,Bryan Mack
Pamela Farley,101,2002-03-03,4929799949523411444,Cassandra Howell
Dwayne Robinson,103,1973-04-16,2289417773894021,Jason Howell
Sarah Buckley,103,1973-10-30,213123257243439,Juan Jones DDS
Timothy Smith,101,1978-08-03,2705069571254928,William Nolan
Holly Moore,102,1996-09-01,4207515795902446855,Steven Frazier
Julie Fitzgerald,103,1994-06-16,3572734145229312,Keith Tucker
Mary Sandoval,106,1995-11-05,3505310644891357,Suzanne Le
Shannon Pierce,101,2018-04-05,4202668027444365,Mark Garza
Kristin Poole,104,1996-01-12,340519559461973,Patricia Brown
Seth Warner,102,1984-08-25,180066217530032,Yolanda Jones
Dillon Evans,101,2012-02-10,180054737852995,Patrick Carter
Scott White,103,1972-08-18,6509067854614908,Eileen Bennett
Amy Gonzalez,101,2016-04-09,4948415207108948015,Elizabeth Peterson
Raymond Greer,101,1989-04-15,2280530591168169,Brandon Duran
Steven Fields,102,2002-02-06,347602724277574,Ethan Patterson
Jodi Chavez,101,1978-05-03,3586524507885411,Brett Morrow
Stephanie Gonzalez,102,1983-08-17,4508966156549355,Jennifer Spencer
Natalie Oliver,101,2023-03-08,4453629966774820,Jacqueline Dunlap
Jill Blair,104,2018-07-23,30557495143284,Alexa Bond
Mr. George Adams MD,104,1995-03-29,4776060031185,Nathan Riley
Michael Watkins,106,1990-03-16,571234210219,Derrick Garcia
Nichole Hill,104,2004-07-08,3504445501992137,Daniel Davis
Mary Bradshaw,106,2014-12-27,503835882070,Jason Carey
Karen Strickland,101,1977-07-09,3578576608102898,Albert Harrison
Jordan Perez,104,2002-05-27,6592638796245106,Cameron Cochran
Terry Jackson,106,1980-03-30,4447127659760,Darlene Thomas
Crystal Ramirez,106,2007-04-15,3592218773444282,Erik Garrett DDS
Natalie French,104,1971-02-21,3563708653164765,Jeffrey Mitchell
Bryce Mcneil,101,1973-04-10,38476392024954,Alex Williams
William Miller,106,1979-04-22,4585846043281202741,Samuel Davis
Adam Adams,104,1979-12-17,4206366042454,Cindy Mayo
Julie Gutierrez,106,1993-10-28,6519910032983968,Craig Smith
Scott Payne,103,2013-03-26,4133802333555275,Angelica Powers
Marvin Lewis,103,1985-12-28,3503813424017921,David Ruiz
James Myers,106,1989-05-01,3578144525711570,Charles Walker
Amanda Moore,106,1974-12-19,344844627511195,Rachel Gibson
Michael Ellis,104,2015-07-23,4316255332254060,Cassandra Perez
Thomas Knight,103,1989-05-05,2437007299910723,Jacob Ruiz
Amber Cline,102,2007-11-23,4939028950887728,Jennifer Robinson
Alicia Baker,101,1979-02-28,4349510079953780560,Kendra Johnston
Joseph Morris,106,1995-05-01,3585565304377616,Lori Clayton
Kirsten Richardson,102,2022-03-22,4715070061072899,Antonio Smith
Rebecca Ball,102,1982-01-20,4055287000889,Lynn Burch
Robert Stewart,106,1992-10-15,5319711980645920,Sandra Simon
Christian Ward,102,2019-04-07,213174037034168,Anthony Wood
Tanner Pruitt,102,2006-04-11,630422752513,Mrs. Kayla Davis
Cynthia Wilkerson,102,1990-07-06,4567353546052689,Robin Barajas
Shane Martinez,104,1994-12-02,4701242656817972,Jon Edwards
Scott Juarez,102,1985-04-09,4501296172027245,Adam Pollard
Cheyenne Gray,104,1983-07-09,4775516849436605,Emily Johnson
Patricia Contreras,101,1981-04-20,6512392637885616,Christopher Miller
Jennifer Davis,102,2003-05-12,30376070308323,Susan Mathis
Ryan Estes,101,1999-08-12,3573608795793117,Scott Jones
Jonathan Vega,106,2023-01-18,4018682817695,Alexander Frazier
Jackie Alvarez,103,2020-09-20,575120177457,Haley Montgomery
Kenneth Powell,102,2002-02-14,3560586353362233,Kayla Torres
Tony Sanchez,104,1990-07-09,3556610968058782,Jeffrey Byrd
Michael Pollard,103,2016-03-14,2636153718785475,Laura Campbell
Shane Lewis,101,2003-02-07,639055746767,Michael Rodriguez
Michael Whitney,106,1973-05-09,676140593853,Hannah Thompson
Gary Hopkins,104,2006-10-21,4812660064841399,Lisa Howard
Laurie Lowe,103,2010-10-31,346105721786317,Jonathan Mosley
Patrick Tate,103,2016-06-01,4243915747879,Valerie Carson
Christopher Peterson,101,1970-10-29,4460013985896529,Andre Aguilar
Joshua Fox,101,2004-12-23,344880268559036,Sonya Johns
Mark Page,106,2001-02-03,4552381380186319134,Joel Johnson
David King,106,2017-08-16,371917966443885,Michael Sandoval
Joseph White,101,1984-10-09,30553059577579,Patrick Bailey
Anthony King,102,2013-08-06,6567873203389137,Jacob Romero
Adam Rivera,106,1990-10-27,3547116478301524,Ian Rivera
Gregory Davis,103,2019-11-07,30281044201549,Erin Thomas
Joseph Gamble,103,2015-09-19,213164761300075,Amanda Phelps
Keith Thompson,102,2010-12-15,4674838248209,Erin Miller
Robert Washington,102,1986-04-23,2608657421929158,Kimberly Sanchez
Karen Johnston,102,1993-11-26,6011471111116403,Catherine Carpenter
Donna Yoder,106,2000-10-21,30193965474825,Alyssa Torres
Blake Cruz,102,2004-12-22,4669440782540723789,Angela Duffy
Madeline Garza,102,1990-02-19,4162712253552,Jose Barnett
Corey Contreras,101,1995-08-30,4611728344038384,Adam Williams
William Ayala,106,1998-05-26,4923059249501331,Laurie Williams
Scott Kent,102,1978-08-20,6505612468233415,Lisa Wagner
Marilyn Vance,104,1973-06-15,4735476940495027,Michelle Lopez
Jessica Hicks,101,2009-05-19,4680195156760,Melvin Deleon
Leslie Brown,106,1978-10-20,5293206782898512,Sara Wheeler
Debra Young,104,2010-03-18,3513957242127426,Peter Hernandez
Faith Carrillo,101,1977-01-10,3596797073627551,Christina Irwin
Valerie Salazar,101,1980-08-12,4811837835848276204,James Garcia
Alisha Hoffman,103,1988-09-07,3547581920778480,Katelyn Clark
Amanda Todd DVM,101,2003-05-02,6573410598730765,Danielle Sanchez
Vanessa Little,103,2007-03-27,213162554974312,Patricia Richard
Debbie Crawford,102,1972-10-31,4511062730942,Stanley Williams
Kenneth Lopez,101,1997-03-23,5178368081328961,James Webster
Krystal Ellis,106,2011-11-12,3596416956794533,Vanessa Walls
Allison Burnett,106,2022-04-03,30442266848405,Angela Martinez
Mrs. Julie Mcintosh MD,104,2010-06-09,30399845058742,David Garcia
Autumn Mcbride,106,1978-10-07,3595773217429577,Charles Rogers
Michele Sutton,104,1973-10-25,6590754699892340,Teresa Thompson
Kevin Graves,101,2011-08-20,4774246173182986,Rachel Jones
Joshua Baker,102,2022-06-03,4854757873916658,Christopher Atkins
Kathy Newman,106,1984-01-15,3546040393863353,Kyle Riley
Tasha Schneider,103,1982-02-03,6591355760286237,Derek Bradley
Tiffany French,103,2009-10-11,3567383985952752,Misty Ruiz
Michael Patrick,102,1983-02-09,578526669903,Ralph Morris
Marc Gibson,104,2002-10-12,6011737323748435,Bryce Mckenzie
Mark Beltran,103,2012-04-11,6011074902984490,Teresa Miller
Eric Bradford,102,2011-04-13,377901607472531,Rachel Mcdonald
Amy Fleming,104,1980-07-15,4137683381087,Ronald Wilson
Richard Davidson,102,1986-04-12,180008338809077,Michael Bishop
Stephanie Gray,104,1971-11-29,676325228523,Rebecca Wilson
Haley Lewis,104,1993-04-13,4230895303026946660,Michele Rodriguez
James Barnes,106,1970-12-20,3524160353999108,Gary Brady
Ashley Rivera,102,2005-12-13,4332044924303919,Adam Harrison
Micheal Powell,104,1991-12-24,30149164552357,Amy Fisher
Tammy Burch,106,1981-11-18,4273101736410,Hunter Gardner
Joseph Adams,102,1996-05-18,4559240276995692,Dylan Mccullough
David Sanchez,106,1971-02-14,3501654600244653,Melissa Vazquez
Brian Daniel MD,106,1989-10-13,4015634176337690,Tina Dunn
Sean Snow,101,1993-07-20,5483941316092204,Michael English
Heather Reeves,106,1989-03-08,3558797539078767,Patricia Barrera
Brian Chavez,101,2021-08-20,3538409710461953,Katrina Ward
Jonathan Thomas,104,1999-05-30,3588268839615421,Scott West
Isabella Huber,106,1992-05-24,2483549758323131,Debra Moore
Casey Johnson,103,1995-05-02,180011730672770,Kirsten Roberts
Steven Villanueva,106,2010-02-16,4652812143654987,Timothy King
Laura Griffin,103,2021-06-10,30235149540946,Jordan White
Elizabeth Kim,102,1980-06-15,3574458463765826,Gerald Coleman
Sara Nguyen,106,1975-10-09,2245315300934075,Jack Morales
Andrew Hickman,104,2006-10-17,503824672235,Monica Martinez
Jeremy Oliver,101,2002-06-28,4431404213191385,Savannah Moore
Brian Drake MD,106,2005-07-11,568298018330,Maria Knight
Wendy Shaw,106,1984-04-15,6502454068956712,Devin Rodriguez
Michele Ramsey,101,2004-01-18,6011620917022070,Paul Mann
Jessica Webb,102,1990-07-02,3512402508342774,Brenda Wilson
Debra Zimmerman,104,2015-11-19,4661468751651,Andrea Hartman
Darryl Bradford,104,1997-08-15,30086886067142,Taylor Kelly
Karen Wood,101,1997-10-12,630480041163,John Shaw
Jacob Horton,102,1980-06-03,4277875722335173754,Mr. David Walsh
Charles Wilson,102,1984-04-30,5409919028659792,Evelyn Carr
Jeremy Meadows,102,1993-01-29,30212172788437,Sarah Rodriguez
Amanda Pineda,104,1981-10-10,4207897238373075133,Kyle Richardson
Katherine Williams,102,1970-11-02,4378283109567782,Ronald Sharp
Nicole Terrell,103,1992-01-14,4531928079819829,Molly Newman
Jill Allen,104,1994-07-10,3504712184848559,Amy Martin
Robert Crane,103,1987-09-09,4948935666753383,Ann Sandoval
Matthew Carlson,102,1990-10-06,342275035712046,Dr. Erin Harrington MD
Russell Edwards,103,1996-02-18,3542350913091714,John Bradley
Claudia Kelly,104,1998-12-29,3530051441745847,Kurt Harvey
Laura Russell,104,1982-04-05,4599965096846574,Jonathan Compton
Kyle Frazier,101,1980-05-05,6011054132608234,Michaela Grant
Michelle Schmidt,102,1974-07-13,378334094536338,Kenneth Scott
Nicole Koch,102,2010-11-12,4768119229092475,Jeanette Larson
Larry Adkins,103,1974-08-29,4404383111416,David Schmitt
Jessica Mitchell,103,2010-07-03,375920393673781,Leslie Brown
Pamela Alvarado,103,2020-06-10,343264577540451,Erica Baldwin
Alicia Winters,104,1972-12-17,639069693617,Amy Long
David Marquez,103,2008-09-30,4086046704799949506,Brent Boyd
Darrell Hartman,101,2000-05-14,3559818268137886,Mrs. Natalie Mccarthy
Laura Lewis,102,2020-03-02,4969468547959267888,Allison Martin
Monique Smith,103,2022-12-06,4428655916236564344,Danielle Roberts
Anthony Nelson,106,1999-10-17,373631303778105,Diane Carpenter
Kevin Chase,103,2000-06-17,3596981935426572,Jason Garza
Jennifer Liu,106,1989-07-24,567467835284,Sean Davis
Suzanne Harvey,104,1971-05-01,4013755626187515968,Marilyn Dennis
Cody Dixon,101,2018-05-23,4328605105677434083,Mary Newman
Danny Rowland,106,1989-03-20,345134181322125,Adrian Smith
Mark Logan,106,1991-10-30,4010235629420185,Meagan Benson
Brett Brown,101,1982-02-13,4829164368067380,Rebecca Smith
Tyler Cisneros,106,1990-11-13,3571665914659324,Michael Raymond
Justin Silva,103,2012-11-01,675982860545,Angela Reyes
David Rodriguez,106,1991-01-31,6509164338612606,Shelly Hensley
Vincent Jones,106,1988-02-03,373194674091483,Tammy Petty
Gregory Wood,101,1978-02-14,4484647688819908362,Janet Jones
Lynn Cook,101,1998-07-20,377564125752873,Jasmine Chaney
Donna Curtis,104,2003-02-17,3565797507348938,Amy Downs
Chad Herrera,101,1991-12-30,4404654524520435098,Jennifer Turner
Leah Chen DVM,104,2001-03-14,30441660558479,Gary Porter
Frank Salinas,106,2023-03-12,3536662173199443,Donald Franklin
Cathy Anderson,103,1986-03-06,343670051355150,David Williams
Mrs. Kayla David,102,1988-06-08,503878723637,Joseph Obrien
Jesus Nelson,104,1993-12-01,4664552186392964,Alyssa Campbell
Stacey Black,103,1987-05-25,4156631396500,Matthew Rush
Richard Vasquez,103,1981-12-29,180035238725756,Morgan Mueller
Karen Tran,101,2005-03-18,630454093240,Rebecca Bridges
Jordan Hawkins,101,1971-11-21,180008857672989,Brian Lee
Christina Griffin,101,2023-03-12,3519174682388195,Amanda Newton
Seth Leonard,101,1970-03-17,2703958860553069,Benjamin Fitzgerald
Ronald Fletcher,101,2018-04-06,4302154529002562,Dawn Malone
Matthew Armstrong,106,2016-08-18,344085911745186,Joanne Hernandez
Stephanie Andersen,106,1978-02-10,3573917665046559,Ann Powell
David Ramirez,104,1979-12-27,3591388280035534,Tracey Cooke
Tanya Black,101,1976-08-31,30353367238109,Michelle Marsh
Stephen Knox,102,2019-04-26,3503660203304404,Elizabeth Miller
Misty Knight,103,1987-10-17,6508493321441009,Kimberly Ferguson
Emma Ramirez,101,1988-04-04,4576252700476,Dwayne Hodges
Carl Butler,106,2007-12-15,3502057917326172,Sylvia Campbell
William Hernandez,103,2004-04-18,4578480226618732,James Walker
Kelly Gross,104,1982-09-23,3520091719573655,Ashley Strickland
Tonya Tucker,103,1979-05-09,6011596379189955,Abigail Yang
Jeffery Ali,101,2000-08-12,180043578318604,Susan Edwards
Shirley Rojas,104,1984-01-15,4998011646263775,Brian Norman
Mrs. Pamela Scott,101,1990-06-27,3572189463371198,David Coleman MD
Donald Riley,101,1983-01-26,4970833630965,Timothy Hodge
Kelly Jensen,106,1973-02-27,3536402944450340,Laura Ellis
Andrew Arnold,101,1976-09-08,180030894977395,Benjamin Watts
Stephen Booker,104,1994-02-05,6011468497448434,Greg Larson
Adam Newton,101,2009-04-05,4352282615019379663,Kendra Harrington
Ashley Ramirez,103,2009-10-11,3508543872138862,Colleen Cook
Jennifer Martin,102,2001-09-16,675933572009,Alyssa Chandler
Patricia Leblanc,104,1990-03-12,4463145536026422787,Gregory Morales
Zachary Freeman,102,2006-10-02,30498860973163,Jennifer Bonilla
Mr. Matthew Callahan MD,106,1971-06-18,6540536311983545,Lindsay Keller
